run,checkpoint,checkpoint_epoch,mAP_moderate,Car_AP,Pedestrian_AP,Cyclist_AP,model_ms,pipeline_ms,gpu,parameters,attention,scales,qk_norm,sgfpn,header_bn,header_act,iqa,nms_alpha,loss,seed,physical_batch_actual,physical_batch_config,compile_training,source_commit,val_frames,split_sha256
mobilepixor-standard_aug-baseline_loss-rich8-baseline_iou-s42,best,99,77.43515230624432,92.41394132282214,60.71714397795752,79.17437161795327,23.87185425363937,70.16899920914294,Tesla T4,590041,none,[5],none,False,False,none,False,,baseline,42,16,32,False,5fa532aba862d69d0a235e1b25a1a27119b6f047,1497,cae7f7b5a72f28af771ebe878faa97b81bdafbcecd2be51205fd8cb5ecd2733a
mobilepixor-standard_aug-baseline_loss-rich8-baseline_iou-s42,last,100,77.18871005966484,92.39933241076812,61.02936455228526,78.13743321594117,21.093758702999647,58.05892496569913,Tesla T4,590041,none,[5],none,False,False,none,False,,baseline,42,16,32,False,5fa532aba862d69d0a235e1b25a1a27119b6f047,1497,cae7f7b5a72f28af771ebe878faa97b81bdafbcecd2be51205fd8cb5ecd2733a
mobilepixor-standard_aug-baseline_loss-rich8-baseline_iou-sgfpn-s42,best,96,81.28554633041252,93.12759053556958,66.20395773920885,84.52509071645915,11.076003681996083,47.697663490874845,NVIDIA L4,590521,none,[5],none,True,False,none,False,,baseline,42,16,32,True,9ea0e94616850664e933c7e621616f667881262d,1497,cae7f7b5a72f28af771ebe878faa97b81bdafbcecd2be51205fd8cb5ecd2733a
mobilepixor-standard_aug-gw_qal_loss-rich8-baseline_iou-s42,best,100,74.91134474782268,92.40017530704326,56.45206787687898,75.88179105954579,11.057835358297096,53.85908973770743,NVIDIA L4,590041,none,[5],none,False,False,none,False,,gw_qal,42,16,32,True,05510bd9be8b21e3c5420bb945a0462909333fc0,1497,cae7f7b5a72f28af771ebe878faa97b81bdafbcecd2be51205fd8cb5ecd2733a
mobilepixor-standard_aug-oga_loss-rich8-baseline_iou-s42,best,98,80.63822213955147,94.26913448490126,68.25922196432695,79.38630996942618,11.153201253284282,48.05002347479532,NVIDIA L4,590041,none,[5],none,False,False,none,False,,oga,42,16,32,True,bce33645471fe3687621cf6676a9bb200cf687d4,1497,cae7f7b5a72f28af771ebe878faa97b81bdafbcecd2be51205fd8cb5ecd2733a
mobilepixor-standard_aug-q_oga_loss-rich8-baseline_iou-s42,best,94,74.55981446945874,93.06347325801954,51.13941102329337,79.47655912706331,11.069051842602933,54.2788587686525,NVIDIA L4,590041,none,[5],none,False,False,none,False,,q_oga,42,16,32,True,4d331cb518d416a0184c2920621223eaa0f2655f,1497,cae7f7b5a72f28af771ebe878faa97b81bdafbcecd2be51205fd8cb5ecd2733a
mobilepixornext-pcu-baseline_loss-rich8-baseline_iou-sgfpn-s42,best,99,81.47286829131284,93.47998234155733,67.48283111629306,83.45579141608812,6.720858879833311,51.678808387354394,NVIDIA L4,693097,litemla,[5],none,True,True,silu,False,,baseline,42,16,16,False,10a1899753c3a661054bd4b445a9ec0d0646fbbe,1497,cae7f7b5a72f28af771ebe878faa97b81bdafbcecd2be51205fd8cb5ecd2733a
mobilepixornext-pcu-baseline_loss-rich8-baseline_iou-sgfpn-s42,last,100,81.49048374686207,93.53604985444844,67.51529980740078,83.42010157873699,6.536711749568752,42.63905424210642,NVIDIA L4,693097,litemla,[5],none,True,True,silu,False,,baseline,42,16,16,False,10a1899753c3a661054bd4b445a9ec0d0646fbbe,1497,cae7f7b5a72f28af771ebe878faa97b81bdafbcecd2be51205fd8cb5ecd2733a
mobilepixornext-standard_aug-baseline_loss-rich8-baseline_iou-rc_sgfpn-s42,best,91,87.69415420307031,96.53924314815185,77.8343196884926,88.70889977256648,6.957445688831301,50.84752452050908,NVIDIA L4,720801,litemla,[5],none,True,True,silu,False,,baseline,42,16,32,False,ca9da1ad5df7d188e243a833ef9777c4a0aaf7fe,1497,cae7f7b5a72f28af771ebe878faa97b81bdafbcecd2be51205fd8cb5ecd2733a
mobilepixornext-standard_aug-baseline_loss-rich8-baseline_iou-rc_sgfpn-s42,last,100,87.7217154610787,96.55970928045991,77.68233562024305,88.92310148253311,7.010782522728721,42.27142523738573,NVIDIA L4,720801,litemla,[5],none,True,True,silu,False,,baseline,42,16,32,False,ca9da1ad5df7d188e243a833ef9777c4a0aaf7fe,1497,cae7f7b5a72f28af771ebe878faa97b81bdafbcecd2be51205fd8cb5ecd2733a
mobilepixornext-standard_aug-baseline_loss-rich8-baseline_iou-s42,best,87,85.72839404551667,96.03353775054565,75.34112765136186,85.8105167346425,4.881377358683501,40.3984748729037,NVIDIA L4,633945,none,[5],none,False,False,none,False,,baseline,42,16,32,True,4d331cb518d416a0184c2920621223eaa0f2655f,1497,cae7f7b5a72f28af771ebe878faa97b81bdafbcecd2be51205fd8cb5ecd2733a
mobilepixornext-standard_aug-baseline_loss-rich8-baseline_iou-sgfpn-ms_litemla-s42,best,97,88.9996819281679,96.42648145095407,79.47011969565996,91.10244463788966,7.7236755861078406,46.18332045124824,NVIDIA L4,709545,litemla,"[3, 5]",rmsnorm,True,True,silu,False,,baseline,42,16,32,False,02de86fb87a1de0efde7a5142b44952b42830eac,1497,cae7f7b5a72f28af771ebe878faa97b81bdafbcecd2be51205fd8cb5ecd2733a
mobilepixornext-standard_aug-baseline_loss-rich8-baseline_iou-sgfpn-ms_litemla-s42,last,100,89.04705136692066,96.47455400913123,79.59626312949699,91.07033696213375,7.550531674008604,45.91819673095994,NVIDIA L4,709545,litemla,"[3, 5]",rmsnorm,True,True,silu,False,,baseline,42,16,32,False,02de86fb87a1de0efde7a5142b44952b42830eac,1497,cae7f7b5a72f28af771ebe878faa97b81bdafbcecd2be51205fd8cb5ecd2733a
mobilepixornext-standard_aug-baseline_loss-rich8-baseline_iou-sgfpn-reparam-s42,best,91,86.610557345006,96.42431997537425,76.08978395670636,87.31756810293739,6.6758330229071055,42.55388441087557,NVIDIA L4,692361,litemla,[5],none,True,True,silu,False,,baseline,42,16,32,False,02de86fb87a1de0efde7a5142b44952b42830eac,1497,cae7f7b5a72f28af771ebe878faa97b81bdafbcecd2be51205fd8cb5ecd2733a
mobilepixornext-standard_aug-baseline_loss-rich8-baseline_iou-sgfpn-reparam-s42,last,100,85.88563645718925,96.47779217930449,75.81255074316252,85.36656644910074,6.7059632364182,42.26689540486608,NVIDIA L4,692361,litemla,[5],none,True,True,silu,False,,baseline,42,16,32,False,02de86fb87a1de0efde7a5142b44952b42830eac,1497,cae7f7b5a72f28af771ebe878faa97b81bdafbcecd2be51205fd8cb5ecd2733a
mobilepixornext-standard_aug-baseline_loss-rich8-baseline_iou-sgfpn-s42,best,97,87.87975921501605,96.66357271394168,76.47593746702192,90.49976746408454,7.176109886682506,44.05683492466218,NVIDIA L4,693097,litemla,[5],none,True,True,silu,False,,baseline,42,16,32,True,4d331cb518d416a0184c2920621223eaa0f2655f,1497,cae7f7b5a72f28af771ebe878faa97b81bdafbcecd2be51205fd8cb5ecd2733a
mobilepixornext-standard_aug-baseline_loss-rich8-iqa-sgfpn-s42,best,97,91.14728843910747,96.66612398289779,85.55661730901775,91.21912402540688,7.213689570628963,42.84413046199424,NVIDIA L4,697786,litemla,[5],none,True,True,silu,True,0.5,baseline,42,16,32,False,02de86fb87a1de0efde7a5142b44952b42830eac,1497,cae7f7b5a72f28af771ebe878faa97b81bdafbcecd2be51205fd8cb5ecd2733a
mobilepixornext-standard_aug-baseline_loss-rich8-iqa-sgfpn-s42,last,100,91.12345368488563,96.72366102865382,85.43972622183699,91.2069738041661,7.212938910614506,42.903492736386504,NVIDIA L4,697786,litemla,[5],none,True,True,silu,True,0.5,baseline,42,16,32,False,02de86fb87a1de0efde7a5142b44952b42830eac,1497,cae7f7b5a72f28af771ebe878faa97b81bdafbcecd2be51205fd8cb5ecd2733a
mobilepixornext-standard_aug-gw_qal_loss-rich8-baseline_iou-sgfpn-s42,best,94,88.57672809990721,96.73792084449092,78.63475680043899,90.35750665479173,7.0005647021808635,44.86274748216605,NVIDIA L4,693097,litemla,[5],none,True,True,silu,False,,gw_qal,42,16,32,False,02de86fb87a1de0efde7a5142b44952b42830eac,1497,cae7f7b5a72f28af771ebe878faa97b81bdafbcecd2be51205fd8cb5ecd2733a
mobilepixornext-standard_aug-gw_qal_loss-rich8-baseline_iou-sgfpn-s42,last,100,89.39775605094628,96.75850283219741,78.75161351497087,92.68315180567062,7.342282288492968,45.66325247684332,NVIDIA L4,693097,litemla,[5],none,True,True,silu,False,,gw_qal,42,16,32,False,02de86fb87a1de0efde7a5142b44952b42830eac,1497,cae7f7b5a72f28af771ebe878faa97b81bdafbcecd2be51205fd8cb5ecd2733a
mobilepixornext-standard_aug-oga_loss-rich8-baseline_iou-sgfpn-s42,best,42,85.52476958726227,96.4264839300705,72.83839358719965,87.30943124451667,6.9848187394645604,45.44347150577009,NVIDIA L4,693097,litemla,[5],none,True,True,silu,False,,oga,42,16,32,True,02de86fb87a1de0efde7a5142b44952b42830eac,1497,cae7f7b5a72f28af771ebe878faa97b81bdafbcecd2be51205fd8cb5ecd2733a
mobilepixornext-standard_aug-oga_loss-rich8-baseline_iou-sgfpn-s42,last,100,88.72478807308134,96.69909958437248,79.67097370521618,89.80429092965532,6.993744415329379,43.69876916483619,NVIDIA L4,693097,litemla,[5],none,True,True,silu,False,,oga,42,16,32,True,02de86fb87a1de0efde7a5142b44952b42830eac,1497,cae7f7b5a72f28af771ebe878faa97b81bdafbcecd2be51205fd8cb5ecd2733a
mobilepixornext-standard_aug-oga_loss-rich8-iqa-sgfpn-reparam-s42,best,31,88.00883747122275,96.21259403712351,79.38490371996798,88.42901465657673,7.375209765059081,45.914205104842196,NVIDIA L4,713498,litemla,"[3, 5]",rmsnorm,True,True,silu,True,0.5,oga,42,16,32,False,ba1876b7a0943912b43adc62b6952ef082794121,1497,cae7f7b5a72f28af771ebe878faa97b81bdafbcecd2be51205fd8cb5ecd2733a
mobilepixornext-standard_aug-oga_loss-rich8-iqa-sgfpn-reparam-s42,last,100,91.00792854763642,96.94296852438778,83.14634021623178,92.93447690228973,7.359836962853171,44.42744037647778,NVIDIA L4,713498,litemla,"[3, 5]",rmsnorm,True,True,silu,True,0.5,oga,42,16,32,False,ba1876b7a0943912b43adc62b6952ef082794121,1497,cae7f7b5a72f28af771ebe878faa97b81bdafbcecd2be51205fd8cb5ecd2733a
mobilepixornext-standard_aug-oga_loss-rich8-iqa-sgfpn-s42,best,26,86.12797107066689,96.05812666338367,77.33336902542365,84.99241752319335,7.25103283569808,47.6453542784405,NVIDIA L4,697786,litemla,[5],none,True,True,silu,True,0.5,oga,42,16,32,False,19252fb6371b60f246c9f210606104bd92abd6ae,1497,cae7f7b5a72f28af771ebe878faa97b81bdafbcecd2be51205fd8cb5ecd2733a
mobilepixornext-standard_aug-oga_loss-rich8-iqa-sgfpn-s42,last,100,90.93697697166267,96.83726411946883,84.95455293891503,91.0191138566042,7.44647348592485,44.98899609751817,NVIDIA L4,697786,litemla,[5],none,True,True,silu,True,0.5,oga,42,16,32,False,19252fb6371b60f246c9f210606104bd92abd6ae,1497,cae7f7b5a72f28af771ebe878faa97b81bdafbcecd2be51205fd8cb5ecd2733a
mobilepixornext-standard_aug-q_oga_loss-rich12-baseline_iou-sgfpn-s42,best,42,88.78766426608176,96.57464372338745,79.16264342884405,90.62570564601377,6.987718714910942,70.43800489915859,NVIDIA L4,694249,litemla,[5],none,True,True,silu,False,,q_oga,42,16,32,False,ba1876b7a0943912b43adc62b6952ef082794121,1497,cae7f7b5a72f28af771ebe878faa97b81bdafbcecd2be51205fd8cb5ecd2733a
mobilepixornext-standard_aug-q_oga_loss-rich12-baseline_iou-sgfpn-s42,last,100,89.8849829455949,96.71904843247061,83.17711392813762,89.75878647617644,6.851428278517066,69.24236881098943,NVIDIA L4,694249,litemla,[5],none,True,True,silu,False,,q_oga,42,16,32,False,ba1876b7a0943912b43adc62b6952ef082794121,1497,cae7f7b5a72f28af771ebe878faa97b81bdafbcecd2be51205fd8cb5ecd2733a
mobilepixornext-standard_aug-q_oga_loss-rich8-baseline_iou-sgfpn-mslitemla-s42,best,47,88.19141661026639,96.75516603526975,80.72906841900668,87.09001537652273,7.496399045070707,45.77810393676687,NVIDIA L4,709545,litemla,"[3, 5]",rmsnorm,True,True,silu,False,,q_oga,42,16,32,False,19252fb6371b60f246c9f210606104bd92abd6ae,1497,cae7f7b5a72f28af771ebe878faa97b81bdafbcecd2be51205fd8cb5ecd2733a
mobilepixornext-standard_aug-q_oga_loss-rich8-baseline_iou-sgfpn-mslitemla-s42,last,100,89.77274480547062,96.84353531391461,82.15224449916398,90.3224546033333,7.3293693256442305,44.7209823524237,NVIDIA L4,709545,litemla,"[3, 5]",rmsnorm,True,True,silu,False,,q_oga,42,16,32,False,19252fb6371b60f246c9f210606104bd92abd6ae,1497,cae7f7b5a72f28af771ebe878faa97b81bdafbcecd2be51205fd8cb5ecd2733a
mobilepixornext-standard_aug-q_oga_loss-rich8-baseline_iou-sgfpn-reparam-s42,best,55,89.27762529164231,96.76973437602236,81.15649099379819,89.90665050510636,6.6593730432039635,44.28010280973801,NVIDIA L4,692361,litemla,[5],none,True,True,silu,False,,q_oga,42,16,32,False,19252fb6371b60f246c9f210606104bd92abd6ae,1497,cae7f7b5a72f28af771ebe878faa97b81bdafbcecd2be51205fd8cb5ecd2733a
mobilepixornext-standard_aug-q_oga_loss-rich8-baseline_iou-sgfpn-reparam-s42,last,100,89.80896560610977,96.90543399448981,82.01806066494551,90.50340215889395,6.800630852289463,43.68210962341588,NVIDIA L4,692361,litemla,[5],none,True,True,silu,False,,q_oga,42,16,32,False,19252fb6371b60f246c9f210606104bd92abd6ae,1497,cae7f7b5a72f28af771ebe878faa97b81bdafbcecd2be51205fd8cb5ecd2733a
mobilepixornext-standard_aug-q_oga_loss-rich8-baseline_iou-sgfpn-s42,best,42,86.7455550293151,96.48464838455955,76.88195728024156,86.87005942314421,6.912762536085445,44.49171525695013,NVIDIA L4,693097,litemla,[5],none,True,True,silu,False,,q_oga,42,16,32,True,02de86fb87a1de0efde7a5142b44952b42830eac,1497,cae7f7b5a72f28af771ebe878faa97b81bdafbcecd2be51205fd8cb5ecd2733a
mobilepixornext-standard_aug-q_oga_loss-rich8-baseline_iou-sgfpn-s42,last,100,90.24013111393081,96.88892896178132,82.88501724962131,90.94644713038981,6.834400348240045,42.98191532278929,NVIDIA L4,693097,litemla,[5],none,True,True,silu,False,,q_oga,42,16,32,True,02de86fb87a1de0efde7a5142b44952b42830eac,1497,cae7f7b5a72f28af771ebe878faa97b81bdafbcecd2be51205fd8cb5ecd2733a
