variant,run,checkpoint,epoch,mAP_moderate,model_ms,pipeline_ms,parameters,source_commit,compile_training,seed,physical_batch_actual,frames,split_sha256,score_threshold,nms_threshold,nms_alpha,source_file,Car_ap_r40_percent,Car_true_positives,Car_false_positives,Car_max_recall,Pedestrian_ap_r40_percent,Pedestrian_true_positives,Pedestrian_false_positives,Pedestrian_max_recall,Cyclist_ap_r40_percent,Cyclist_true_positives,Cyclist_false_positives,Cyclist_max_recall
OGA thuần,mobilepixornext-standard_aug-oga_loss-rich8-baseline_iou-sgfpn-s42,best,42,85.52476958726227,6.9848187394645604,45.44347150577009,693097,02de86fb87a1de0efde7a5142b44952b42830eac,True,42,16,1497,cae7f7b5a72f28af771ebe878faa97b81bdafbcecd2be51205fd8cb5ecd2733a,0.05,0.1,,/home/duyennh/Downloads/lidar_training_artifacts-20261004T121553Z-1-001/lidar_training_artifacts/mobilepixornext-standard_aug-oga_loss-rich8-baseline_iou-sgfpn-s42/evaluation_validation_best.json,96.4264839300705,3146,4687,0.9834323226008127,72.83839358719965,604,2126,0.841225626740947,87.30943124451667,197,409,0.9120370370370371
OGA thuần,mobilepixornext-standard_aug-oga_loss-rich8-baseline_iou-sgfpn-s42,last,100,88.72478807308134,6.993744415329379,43.69876916483619,693097,02de86fb87a1de0efde7a5142b44952b42830eac,True,42,16,1497,cae7f7b5a72f28af771ebe878faa97b81bdafbcecd2be51205fd8cb5ecd2733a,0.05,0.1,,/home/duyennh/Downloads/lidar_training_artifacts-20261004T121553Z-1-001/lidar_training_artifacts/mobilepixornext-standard_aug-oga_loss-rich8-baseline_iou-sgfpn-s42/evaluation_validation_last.json,96.69909958437248,3165,1385,0.989371678649578,79.67097370521618,617,482,0.8593314763231198,89.80429092965532,203,148,0.9398148148148148
OGA + IQA,mobilepixornext-standard_aug-oga_loss-rich8-iqa-sgfpn-s42,best,26,86.12797107066689,7.25103283569808,47.6453542784405,697786,19252fb6371b60f246c9f210606104bd92abd6ae,False,42,16,1497,cae7f7b5a72f28af771ebe878faa97b81bdafbcecd2be51205fd8cb5ecd2733a,0.05,0.1,0.5,/home/duyennh/Downloads/lidar_training_artifacts-20261004T121553Z-1-001/lidar_training_artifacts/mobilepixornext-standard_aug-oga_loss-rich8-iqa-sgfpn-s42/evaluation_validation_best.json,96.05812666338367,3140,8619,0.9815567364801501,77.33336902542365,613,2918,0.8537604456824512,84.99241752319335,197,849,0.9120370370370371
OGA + IQA,mobilepixornext-standard_aug-oga_loss-rich8-iqa-sgfpn-s42,last,100,90.93697697166267,7.44647348592485,44.98899609751817,697786,19252fb6371b60f246c9f210606104bd92abd6ae,False,42,16,1497,cae7f7b5a72f28af771ebe878faa97b81bdafbcecd2be51205fd8cb5ecd2733a,0.05,0.1,0.5,/home/duyennh/Downloads/lidar_training_artifacts-20261004T121553Z-1-001/lidar_training_artifacts/mobilepixornext-standard_aug-oga_loss-rich8-iqa-sgfpn-s42/evaluation_validation_last.json,96.83726411946883,3167,1296,0.9899968740231322,84.95455293891503,631,447,0.8788300835654597,91.0191138566042,203,179,0.9398148148148148
Q-OGA thuần,mobilepixornext-standard_aug-q_oga_loss-rich8-baseline_iou-sgfpn-s42,best,42,86.7455550293151,6.912762536085445,44.49171525695013,693097,02de86fb87a1de0efde7a5142b44952b42830eac,True,42,16,1497,cae7f7b5a72f28af771ebe878faa97b81bdafbcecd2be51205fd8cb5ecd2733a,0.05,0.1,,/home/duyennh/Downloads/lidar_training_artifacts-20261004T121553Z-1-001/lidar_training_artifacts/mobilepixornext-standard_aug-q_oga_loss-rich8-baseline_iou-sgfpn-s42/evaluation_validation_best.json,96.48464838455955,3149,4817,0.9843701156611441,76.88195728024156,603,1705,0.8398328690807799,86.87005942314421,197,330,0.9120370370370371
Q-OGA thuần,mobilepixornext-standard_aug-q_oga_loss-rich8-baseline_iou-sgfpn-s42,last,100,90.24013111393081,6.834400348240045,42.98191532278929,693097,02de86fb87a1de0efde7a5142b44952b42830eac,True,42,16,1497,cae7f7b5a72f28af771ebe878faa97b81bdafbcecd2be51205fd8cb5ecd2733a,0.05,0.1,,/home/duyennh/Downloads/lidar_training_artifacts-20261004T121553Z-1-001/lidar_training_artifacts/mobilepixornext-standard_aug-q_oga_loss-rich8-baseline_iou-sgfpn-s42/evaluation_validation_last.json,96.88892896178132,3167,1158,0.9899968740231322,82.88501724962131,625,394,0.8704735376044568,90.94644713038981,203,160,0.9398148148148148
Q-OGA + reparam,mobilepixornext-standard_aug-q_oga_loss-rich8-baseline_iou-sgfpn-reparam-s42,best,55,89.27762529164231,6.6593730432039635,44.28010280973801,692361,19252fb6371b60f246c9f210606104bd92abd6ae,False,42,16,1497,cae7f7b5a72f28af771ebe878faa97b81bdafbcecd2be51205fd8cb5ecd2733a,0.05,0.1,,/home/duyennh/Downloads/lidar_training_artifacts-20261004T121553Z-1-001/lidar_training_artifacts/mobilepixornext-standard_aug-q_oga_loss-rich8-baseline_iou-sgfpn-reparam-s42/evaluation_validation_best.json,96.76973437602236,3158,2571,0.9871834948421382,81.15649099379819,622,1046,0.8662952646239555,89.90665050510636,201,274,0.9305555555555556
Q-OGA + reparam,mobilepixornext-standard_aug-q_oga_loss-rich8-baseline_iou-sgfpn-reparam-s42,last,100,89.80896560610977,6.800630852289463,43.68210962341588,692361,19252fb6371b60f246c9f210606104bd92abd6ae,False,42,16,1497,cae7f7b5a72f28af771ebe878faa97b81bdafbcecd2be51205fd8cb5ecd2733a,0.05,0.1,,/home/duyennh/Downloads/lidar_training_artifacts-20261004T121553Z-1-001/lidar_training_artifacts/mobilepixornext-standard_aug-q_oga_loss-rich8-baseline_iou-sgfpn-reparam-s42/evaluation_validation_last.json,96.90543399448981,3169,1355,0.9906220693966865,82.01806066494551,613,473,0.8537604456824512,90.50340215889395,205,142,0.9490740740740741
Q-OGA + MS LiteMLA,mobilepixornext-standard_aug-q_oga_loss-rich8-baseline_iou-sgfpn-mslitemla-s42,best,47,88.19141661026639,7.496399045070707,45.77810393676687,709545,19252fb6371b60f246c9f210606104bd92abd6ae,False,42,16,1497,cae7f7b5a72f28af771ebe878faa97b81bdafbcecd2be51205fd8cb5ecd2733a,0.05,0.1,,/home/duyennh/Downloads/lidar_training_artifacts-20261004T121553Z-1-001/lidar_training_artifacts/mobilepixornext-standard_aug-q_oga_loss-rich8-baseline_iou-sgfpn-mslitemla-s42/evaluation_validation_best.json,96.75516603526975,3156,4195,0.986558299468584,80.72906841900668,615,894,0.8565459610027855,87.09001537652273,202,933,0.9351851851851852
Q-OGA + MS LiteMLA,mobilepixornext-standard_aug-q_oga_loss-rich8-baseline_iou-sgfpn-mslitemla-s42,last,100,89.77274480547062,7.3293693256442305,44.7209823524237,709545,19252fb6371b60f246c9f210606104bd92abd6ae,False,42,16,1497,cae7f7b5a72f28af771ebe878faa97b81bdafbcecd2be51205fd8cb5ecd2733a,0.05,0.1,,/home/duyennh/Downloads/lidar_training_artifacts-20261004T121553Z-1-001/lidar_training_artifacts/mobilepixornext-standard_aug-q_oga_loss-rich8-baseline_iou-sgfpn-mslitemla-s42/evaluation_validation_last.json,96.84353531391461,3164,1238,0.9890590809628009,82.15224449916398,623,471,0.8676880222841226,90.3224546033333,204,168,0.9444444444444444
Q-OGA rich12,mobilepixornext-standard_aug-q_oga_loss-rich12-baseline_iou-sgfpn-s42,best,42,88.78766426608176,6.987718714910942,70.43800489915859,694249,ba1876b7a0943912b43adc62b6952ef082794121,False,42,16,1497,cae7f7b5a72f28af771ebe878faa97b81bdafbcecd2be51205fd8cb5ecd2733a,0.05,0.1,,/home/duyennh/Downloads/lidar_training_artifacts-20261004T121553Z-1-001/lidar_training_artifacts/mobilepixornext-standard_aug-q_oga_loss-rich12-baseline_iou-sgfpn-s42/evaluation_validation_best.json,96.57464372338745,3149,4178,0.9843701156611441,79.16264342884405,611,1078,0.850974930362117,90.62570564601377,205,341,0.9490740740740741
Q-OGA rich12,mobilepixornext-standard_aug-q_oga_loss-rich12-baseline_iou-sgfpn-s42,last,100,89.8849829455949,6.851428278517066,69.24236881098943,694249,ba1876b7a0943912b43adc62b6952ef082794121,False,42,16,1497,cae7f7b5a72f28af771ebe878faa97b81bdafbcecd2be51205fd8cb5ecd2733a,0.05,0.1,,/home/duyennh/Downloads/lidar_training_artifacts-20261004T121553Z-1-001/lidar_training_artifacts/mobilepixornext-standard_aug-q_oga_loss-rich12-baseline_iou-sgfpn-s42/evaluation_validation_last.json,96.71904843247061,3163,1302,0.9887464832760238,83.17711392813762,624,387,0.8690807799442897,89.75878647617644,205,172,0.9490740740740741
OGA + IQA + MS LiteMLA + reparam,mobilepixornext-standard_aug-oga_loss-rich8-iqa-sgfpn-reparam-s42,best,31,88.00883747122275,7.375209765059081,45.914205104842196,713498,ba1876b7a0943912b43adc62b6952ef082794121,False,42,16,1497,cae7f7b5a72f28af771ebe878faa97b81bdafbcecd2be51205fd8cb5ecd2733a,0.05,0.1,0.5,/home/duyennh/Downloads/lidar_training_artifacts-20261004T121553Z-1-001/lidar_training_artifacts/mobilepixornext-standard_aug-oga_loss-rich8-iqa-sgfpn-reparam-s42/evaluation_validation_best.json,96.21259403712351,3150,4745,0.9846827133479212,79.38490371996798,620,2671,0.8635097493036211,88.42901465657673,202,1298,0.9351851851851852
OGA + IQA + MS LiteMLA + reparam,mobilepixornext-standard_aug-oga_loss-rich8-iqa-sgfpn-reparam-s42,last,100,91.00792854763642,7.359836962853171,44.42744037647778,713498,ba1876b7a0943912b43adc62b6952ef082794121,False,42,16,1497,cae7f7b5a72f28af771ebe878faa97b81bdafbcecd2be51205fd8cb5ecd2733a,0.05,0.1,0.5,/home/duyennh/Downloads/lidar_training_artifacts-20261004T121553Z-1-001/lidar_training_artifacts/mobilepixornext-standard_aug-oga_loss-rich8-iqa-sgfpn-reparam-s42/evaluation_validation_last.json,96.94296852438778,3171,1543,0.9912472647702407,83.14634021623178,628,546,0.8746518105849582,92.93447690228973,207,201,0.9583333333333334
Baseline + IQA,mobilepixornext-standard_aug-baseline_loss-rich8-iqa-sgfpn-s42,best,97,91.14728843910747,7.213689570628963,42.84413046199424,697786,02de86fb87a1de0efde7a5142b44952b42830eac,False,42,16,1497,cae7f7b5a72f28af771ebe878faa97b81bdafbcecd2be51205fd8cb5ecd2733a,0.05,0.1,0.5,/home/duyennh/Downloads/lidar_training_artifacts-20261004T121553Z-1-001/lidar_training_artifacts/mobilepixornext-standard_aug-baseline_loss-rich8-iqa-sgfpn-s42/evaluation_validation_best.json,96.66612398289779,3156,1191,0.986558299468584,85.55661730901775,640,360,0.8913649025069638,91.21912402540688,202,172,0.9351851851851852
Baseline + IQA,mobilepixornext-standard_aug-baseline_loss-rich8-iqa-sgfpn-s42,last,100,91.12345368488563,7.212938910614506,42.903492736386504,697786,02de86fb87a1de0efde7a5142b44952b42830eac,False,42,16,1497,cae7f7b5a72f28af771ebe878faa97b81bdafbcecd2be51205fd8cb5ecd2733a,0.05,0.1,0.5,/home/duyennh/Downloads/lidar_training_artifacts-20261004T121553Z-1-001/lidar_training_artifacts/mobilepixornext-standard_aug-baseline_loss-rich8-iqa-sgfpn-s42/evaluation_validation_last.json,96.72366102865382,3156,1172,0.986558299468584,85.43972622183699,638,355,0.8885793871866295,91.2069738041661,202,166,0.9351851851851852
GW-QAL thuần,mobilepixornext-standard_aug-gw_qal_loss-rich8-baseline_iou-sgfpn-s42,best,94,88.57672809990721,7.0005647021808635,44.86274748216605,693097,02de86fb87a1de0efde7a5142b44952b42830eac,False,42,16,1497,cae7f7b5a72f28af771ebe878faa97b81bdafbcecd2be51205fd8cb5ecd2733a,0.05,0.1,,/home/duyennh/Downloads/lidar_training_artifacts-20261004T121553Z-1-001/lidar_training_artifacts/mobilepixornext-standard_aug-gw_qal_loss-rich8-baseline_iou-sgfpn-s42/evaluation_validation_best.json,96.73792084449092,3168,1571,0.9903094717099094,78.63475680043899,614,553,0.8551532033426184,90.35750665479173,204,202,0.9444444444444444
GW-QAL thuần,mobilepixornext-standard_aug-gw_qal_loss-rich8-baseline_iou-sgfpn-s42,last,100,89.39775605094628,7.342282288492968,45.66325247684332,693097,02de86fb87a1de0efde7a5142b44952b42830eac,False,42,16,1497,cae7f7b5a72f28af771ebe878faa97b81bdafbcecd2be51205fd8cb5ecd2733a,0.05,0.1,,/home/duyennh/Downloads/lidar_training_artifacts-20261004T121553Z-1-001/lidar_training_artifacts/mobilepixornext-standard_aug-gw_qal_loss-rich8-baseline_iou-sgfpn-s42/evaluation_validation_last.json,96.75850283219741,3165,1434,0.989371678649578,78.75161351497087,614,497,0.8551532033426184,92.68315180567062,207,190,0.9583333333333334
